value,date
6.81,2013-01-02
6.97,2013-01-03
6.97,2013-01-04
6.94,2013-01-07
6.95,2013-01-08
6.97,2013-01-09
7.15,2013-01-10
7.1,2013-01-11
7.1,2013-01-14
7.24,2013-01-15
7.4,2013-01-16
7.44,2013-01-17
7.37,2013-01-18
7.34,2013-01-22
7.42,2013-01-23
7.46,2013-01-24
7.52,2013-01-25
7.56,2013-01-27
7.56,2013-01-28
7.7,2013-01-29
7.83,2013-01-30
7.82,2013-02-01
7.62,2013-02-04
7.48,2013-02-05
7.6,2013-02-06
7.6,2013-02-07
7.57,2013-02-08
7.55,2013-02-13
7.56,2013-02-14
7.61,2013-02-15
7.6,2013-02-18
7.71,2013-02-19
7.73,2013-02-21
7.7,2013-02-25
7.72,2013-02-26
7.72,2013-02-27
7.74,2013-02-28
7.74,2013-03-01
7.73,2013-03-04
7.72,2013-03-05
7.73,2013-03-06
7.72,2013-03-07
7.73,2013-03-08
7.72,2013-03-11
7.74,2013-03-12
7.82,2013-03-13
7.89,2013-03-14
7.95,2013-03-15
7.98,2013-03-18
8.17,2013-03-19
8.65,2013-03-20
8.4,2013-03-21
8.25,2013-03-25
8.2,2013-03-26
8.37,2013-03-27
8.2,2013-04-03
8.22,2013-04-04
8.3,2013-04-05
8.23,2013-04-08
8.27,2013-04-09
8.29,2013-04-10
8.34,2013-04-11
8.33,2013-04-12
8.32,2013-04-15
8.42,2013-04-16
8.6,2013-04-17
8.56,2013-04-18
8.53,2013-04-19
8.57,2013-04-22
8.76,2013-04-23
8.84,2013-04-24
9.1,2013-04-25
9.24,2013-04-26
9.2,2013-04-29
9.3,2013-04-30
9.53,2013-05-02
9.78,2013-05-03
9.77,2013-05-06
9.98,2013-05-07
10.35,2013-05-08
9.93,2013-05-09
9.93,2013-05-10
9.93,2013-05-13
9.1,2013-05-14
8.95,2013-05-15
8.85,2013-05-16
8.85,2013-05-17
8.8,2013-05-20
8.48,2013-05-21
8.33,2013-05-22
8.7,2013-05-23
8.85,2013-05-24
8.82,2013-05-27
8.78,2013-05-28
8.78,2013-05-29
8.77,2013-05-30
8.7,2013-05-31
8.5,2013-06-03
8.4,2013-06-04
8.45,2013-06-05
8.47,2013-06-06
8.47,2013-06-07
8.47,2013-06-10
8.47,2013-06-11
8.47,2013-06-12
8.47,2013-06-13
8.47,2013-06-14
8.47,2013-06-17
8.47,2013-06-18
8.47,2013-06-19
7.95,2013-06-24
8.03,2013-06-25
8.03,2013-06-26
8.03,2013-06-27
8.03,2013-06-28
7.95,2013-07-01
7.83,2013-07-02
7.85,2013-07-03
7.88,2013-07-04
7.86,2013-07-05
7.88,2013-07-08
7.99,2013-07-10
8.1,2013-07-11
8.2,2013-07-12
8.48,2013-07-15
8.65,2013-07-16
8.75,2013-07-17
8.75,2013-07-22
8.56,2013-07-23
8.56,2013-07-29
8.53,2013-07-30
8.54,2013-07-31
8.46,2013-08-05
8.8,2013-08-08
8.72,2013-08-09
8.65,2013-08-12
8.69,2013-08-13
8.84,2013-08-14
8.85,2013-08-15
8.85,2013-08-16
8.87,2013-08-20
8.94,2013-08-21
9.04,2013-08-22
9.1,2013-08-23
9.1,2013-08-26
9.42,2013-08-27
9.4,2013-08-28
9.2,2013-09-02
9.17,2013-09-05
9.2,2013-09-06
9.06,2013-09-10
9.15,2013-09-11
9.16,2013-09-12
9.2,2013-09-16
9.2,2013-09-17
9.23,2013-09-18
9.25,2013-09-19
9.3,2013-09-20
9.3,2013-09-23
9.32,2013-09-24
9.46,2013-09-25
9.44,2013-09-26
9.44,2013-09-30
9.44,2013-10-01
9.44,2013-10-02
9.5,2013-10-03
9.48,2013-10-08
9.62,2013-10-10
9.72,2013-10-15
9.5,2013-10-16
9.8,2013-10-21
9.9,2013-10-22
10,2013-10-25
9.98,2013-10-28
9.82,2013-10-29
9.82,2013-10-30
9.88,2013-10-31
9.83,2013-11-05
9.77,2013-11-11
9.73,2013-11-12
9.72,2013-11-13
9.76,2013-11-14
9.77,2013-11-19
9.82,2013-11-20
9.83,2013-11-21
9.82,2013-11-26
9.71,2013-11-27
9.53,2013-11-28
9.08,2013-12-02
9.2,2013-12-03
9.5,2013-12-04
9.4,2013-12-05
9.4,2013-12-09
9.48,2013-12-10
9.45,2013-12-11
9.47,2013-12-12
9.45,2013-12-13
9.5,2013-12-16
9.63,2013-12-19
9.55,2013-12-20
9.55,2013-12-23
9.6,2013-12-26
9.82,2013-12-27
9.9,2013-12-30
9.9,2014-01-02
10.07,2014-01-03
10.2,2014-01-06
10.8,2014-01-07
10.6,2014-01-08
10.7,2014-01-09
10.7,2014-01-10
10.69,2014-01-13
10.85,2014-01-14
11.11,2014-01-15
11.31,2014-01-16
11.7,2014-01-17
11.55,2014-01-20
11.75,2014-01-21
12.05,2014-01-22
12.9,2014-01-23
11.6,2014-01-24
12.05,2014-01-27
12.4,2014-01-28
12.8,2014-01-29
12.65,2014-01-30
12.55,2014-01-31
12.45,2014-02-03
12.45,2014-02-04
12.4,2014-02-05
12.3,2014-02-06
12.15,2014-02-07
11.75,2014-02-10
11.65,2014-02-11
11.73,2014-02-12
12.1,2014-02-13
11.95,2014-02-14
11.775,2014-02-15
11.85,2014-02-16
11.72,2014-02-17
11.78,2014-02-18
11.79,2014-02-19
11.8,2014-02-20
11.8,2014-02-21
11.8,2014-02-22
11.8,2014-02-23
11.775,2014-02-24
11.7,2014-02-25
11.65,2014-02-26
11.55,2014-02-27
11.45,2014-02-28
11.25,2014-03-01
11.25,2014-03-02
11.25,2014-03-03
11.25,2014-03-04
11.25,2014-03-05
10.6,2014-03-06
11,2014-03-07
11.05,2014-03-08
11.05,2014-03-09
11.05,2014-03-10
10.95,2014-03-11
10.85,2014-03-12
10.85,2014-03-13
10.95,2014-03-14
10.95,2014-03-15
10.95,2014-03-16
10.95,2014-03-17
10.9,2014-03-18
10.9,2014-03-19
10.9,2014-03-20
10.95,2014-03-21
10.9,2014-03-22
10.9,2014-03-23
10.925,2014-03-24
10.9,2014-03-25
10.9,2014-03-26
10.9,2014-03-27
10.85,2014-03-28
10.85,2014-03-29
10.85,2014-03-30
10.85,2014-03-31
10.8,2014-04-01
10.8,2014-04-02
10.8,2014-04-03
10.75,2014-04-04
10.7,2014-04-05
10.7,2014-04-06
10.7,2014-04-07
10.6,2014-04-08
10.34,2014-04-09
10.3,2014-04-10
10.3,2014-04-11
10.38,2014-04-12
10.38,2014-04-13
10.38,2014-04-14
10.38,2014-04-15
10.4,2014-04-16
10.4,2014-04-17
10.4,2014-04-18
10.4,2014-04-19
10.4,2014-04-20
10.4,2014-04-21
10.4,2014-04-22
10.4,2014-04-23
10.55,2014-04-24
10.6,2014-04-25
10.75,2014-04-26
10.75,2014-04-27
10.75,2014-04-28
10.7,2014-04-29
10.6,2014-04-30
10.525,2014-05-01
10.525,2014-05-02
10.55,2014-05-03
10.55,2014-05-04
10.55,2014-05-05
10.5,2014-05-06
10.55,2014-05-07
10.715,2014-05-08
10.73,2014-05-09
10.7,2014-05-10
10.7,2014-05-11
10.7,2014-05-12
10.7,2014-05-13
10.8,2014-05-14
10.75,2014-05-15
10.925,2014-05-16
11.05,2014-05-17
11.05,2014-05-18
11.05,2014-05-19
11.3,2014-05-20
11.7,2014-05-21
11.9,2014-05-22
11.8,2014-05-23
11.37,2014-05-24
11.37,2014-05-25
11.4,2014-05-26
11.6,2014-05-27
11.75,2014-05-28
11.8,2014-05-29
11.7,2014-05-30
11.4,2014-05-31
11.4,2014-06-01
11.4,2014-06-02
11.4,2014-06-03
11.55,2014-06-04
11.55,2014-06-05
11.55,2014-06-06
11.55,2014-06-07
11.55,2014-06-08
11.55,2014-06-09
11.55,2014-06-10
11.6,2014-06-11
11.6,2014-06-12
11.7,2014-06-13
11.65,2014-06-14
11.65,2014-06-15
11.7,2014-06-16
11.85,2014-06-17
12.2,2014-06-18
12.3,2014-06-19
12.4,2014-06-20
12.4,2014-06-21
12.4,2014-06-22
12.4,2014-06-23
11.8,2014-06-24
12,2014-06-25
12.05,2014-06-26
12.05,2014-06-27
12.15,2014-06-28
12.15,2014-06-29
12.15,2014-06-30
12.15,2014-07-01
12.05,2014-07-02
11.95,2014-07-03
11.95,2014-07-04
11.95,2014-07-05
11.95,2014-07-06
11.95,2014-07-07
11.95,2014-07-08
12,2014-07-09
12,2014-07-10
12,2014-07-11
11.9,2014-07-12
11.9,2014-07-13
11.9,2014-07-14
12,2014-07-15
12.1,2014-07-16
12.2,2014-07-17
12.25,2014-07-18
12.25,2014-07-19
12.25,2014-07-20
12.25,2014-07-21
12.27,2014-07-22
12.5,2014-07-23
12.6,2014-07-24
12.55,2014-07-25
12.6,2014-07-26
12.6,2014-07-27
12.6,2014-07-28
12.9,2014-07-29
12.8,2014-07-30
12.35,2014-07-31
12.725,2014-08-01
12.75,2014-08-02
12.8,2014-08-03
12.8,2014-08-04
12.7,2014-08-05
12.7,2014-08-06
12.8,2014-08-07
12.8,2014-08-08
12.8,2014-08-09
12.8,2014-08-10
12.8,2014-08-11
12.8,2014-08-12
12.95,2014-08-13
13.15,2014-08-14
13.2,2014-08-15
13.2,2014-08-16
13.2,2014-08-17
13.2,2014-08-18
13.2,2014-08-19
13.2,2014-08-20
13.55,2014-08-21
13.95,2014-08-22
13.88,2014-08-23
13.79,2014-08-24
13.88,2014-08-25
13.98,2014-08-26
14.2,2014-08-27
14.38,2014-08-28
14.38,2014-08-29
14.05,2014-08-30
14.05,2014-08-31
14.05,2014-09-01
14.2,2014-09-02
14.25,2014-09-03
14.2,2014-09-04
14,2014-09-05
14,2014-09-06
14,2014-09-07
14,2014-09-08
14.175,2014-09-09
14.25,2014-09-10
14.25,2014-09-11
14.255,2014-09-12
14.35,2014-09-13
14.3,2014-09-14
14.35,2014-09-15
14.45,2014-09-16
14.7,2014-09-17
15.05,2014-09-18
15,2014-09-19
15,2014-09-20
15,2014-09-21
15,2014-09-22
15.15,2014-09-23
15.42,2014-09-24
15.8,2014-09-25
15.75,2014-09-26
15.75,2014-09-27
15.75,2014-09-28
15.75,2014-09-29
15.67,2014-09-30
15.67,2014-10-01
15.6,2014-10-02
15.5,2014-10-03
15.235,2014-10-04
15.3,2014-10-05
15.17,2014-10-06
14.95,2014-10-07
14.7,2014-10-08
14.65,2014-10-09
14.83,2014-10-10
14.89,2014-10-11
14.95,2014-10-12
14.89,2014-10-13
14.83,2014-10-14
14.77,2014-10-15
14.67,2014-10-16
14.65,2014-10-17
14.675,2014-10-18
14.7,2014-10-19
14.7,2014-10-20
14.69,2014-10-21
14.7,2014-10-22
14.69,2014-10-23
14.69,2014-10-24
14.65,2014-10-25
14.65,2014-10-26
14.68,2014-10-27
14.68,2014-10-28
14.62,2014-10-29
14.53,2014-10-30
14.3,2014-10-31
14.28,2014-11-01
14.28,2014-11-02
14.28,2014-11-03
13.9,2014-11-04
13.55,2014-11-05
13.5,2014-11-06
13.5,2014-11-07
13.1,2014-11-08
13.1,2014-11-09
13.1,2014-11-10
12.65,2014-11-11
13.15,2014-11-12
13.65,2014-11-13
13.4,2014-11-14
13.38,2014-11-15
13.38,2014-11-16
13.38,2014-11-17
13.48,2014-11-18
13.55,2014-11-19
13.55,2014-11-20
13.5,2014-11-21
13.38,2014-11-22
13.38,2014-11-23
13.38,2014-11-24
13.38,2014-11-25
13.35,2014-11-26
13.3,2014-11-27
13.2,2014-11-28
13.1,2014-11-29
13.1,2014-11-30
13.1,2014-12-01
13,2014-12-02
13,2014-12-03
13.05,2014-12-04
12.92,2014-12-05
12.78,2014-12-06
12.78,2014-12-07
12.78,2014-12-08
12.78,2014-12-09
12.78,2014-12-10
12.76,2014-12-11
12.76,2014-12-12
12.85,2014-12-13
12.85,2014-12-14
12.85,2014-12-15
13.17,2014-12-16
13.15,2014-12-17
13.1,2014-12-18
13.15,2014-12-19
13.1,2014-12-20
13.1,2014-12-21
13.15,2014-12-22
13.18,2014-12-23
13.38,2014-12-24
13.38,2014-12-25
13.38,2014-12-26
13.38,2014-12-27
13.38,2014-12-28
13.4,2014-12-29
13.73,2014-12-30
13.8,2014-12-31
13.8,2015-01-01
13.8,2015-01-02
13.85,2015-01-03
13.85,2015-01-04
13.85,2015-01-05
13.75,2015-01-06
13.78,2015-01-07
13.78,2015-01-08
13.77,2015-01-09
13.77,2015-01-10
13.77,2015-01-11
13.77,2015-01-12
13.65,2015-01-13
13.6,2015-01-14
13.62,2015-01-15
13.62,2015-01-16
13.59,2015-01-17
13.59,2015-01-18
13.62,2015-01-19
13.65,2015-01-20
13.65,2015-01-21
13.65,2015-01-22
13.67,2015-01-23
13.67,2015-01-24
13.67,2015-01-25
13.66,2015-01-26
13.65,2015-01-27
13.65,2015-01-28
13.65,2015-01-29
13.6,2015-01-30
13.6,2015-01-31
13.6,2015-02-01
13.6,2015-02-02
13.38,2015-02-03
13.3,2015-02-04
13.3,2015-02-05
13.25,2015-02-06
13.2,2015-02-07
13.2,2015-02-08
13.2,2015-02-09
13.18,2015-02-10
13.18,2015-02-11
13.15,2015-02-12
13.12,2015-02-13
13.19,2015-02-14
13.19,2015-02-15
13.19,2015-02-16
13.19,2015-02-17
13.12,2015-02-18
13,2015-02-19
12.9,2015-02-20
13.02,2015-02-21
13.02,2015-02-22
13.02,2015-02-23
13.11,2015-02-24
13.15,2015-02-25
13.16,2015-02-26
13.11,2015-02-27
13.11,2015-02-28
13.11,2015-03-01
13.05,2015-03-02
13,2015-03-03
12.93,2015-03-04
12.93,2015-03-05
12.85,2015-03-06
12.81,2015-03-07
12.81,2015-03-08
12.81,2015-03-09
12.76,2015-03-10
12.76,2015-03-11
12.82,2015-03-12
12.92,2015-03-13
12.96,2015-03-14
12.96,2015-03-15
12.89,2015-03-16
12.88,2015-03-17
12.88,2015-03-18
12.86,2015-03-19
12.82,2015-03-20
12.82,2015-03-21
12.82,2015-03-22
12.82,2015-03-23
12.82,2015-03-24
12.81,2015-03-25
12.79,2015-03-26
12.78,2015-03-27
12.78,2015-03-28
12.78,2015-03-29
12.75,2015-03-30
12.62,2015-03-31
12.62,2015-04-01
12.55,2015-04-02
12.55,2015-04-03
12.55,2015-04-04
12.55,2015-04-05
12.5,2015-04-06
12.49,2015-04-07
12.39,2015-04-08
12.45,2015-04-09
12.39,2015-04-10
12.4,2015-04-11
12.4,2015-04-12
12.4,2015-04-13
12.42,2015-04-14
12.52,2015-04-15
12.8,2015-04-16
12.71,2015-04-17
12.71,2015-04-18
12.71,2015-04-19
12.7,2015-04-20
12.68,2015-04-21
12.71,2015-04-22
12.79,2015-04-23
12.8,2015-04-24
12.8,2015-04-25
12.8,2015-04-26
12.79,2015-04-27
12.7,2015-04-28
12.73,2015-04-29
12.73,2015-04-30
12.7,2015-05-01
12.7,2015-05-02
12.7,2015-05-03
12.7,2015-05-04
12.61,2015-05-05
12.6,2015-05-06
12.6,2015-05-07
12.59,2015-05-08
12.57,2015-05-09
12.57,2015-05-10
12.57,2015-05-11
12.53,2015-05-12
12.55,2015-05-13
12.62,2015-05-14
12.65,2015-05-15
12.65,2015-05-16
12.65,2015-05-17
12.66,2015-05-18
12.7,2015-05-19
12.7,2015-05-20
12.64,2015-05-21
12.65,2015-05-22
12.65,2015-05-23
12.65,2015-05-24
12.65,2015-05-25
12.65,2015-05-26
12.72,2015-05-27
12.7,2015-05-28
12.7,2015-05-29
12.7,2015-05-30
12.7,2015-05-31
12.7,2015-06-01
12.65,2015-06-02
12.66,2015-06-03
12.65,2015-06-04
12.64,2015-06-05
12.65,2015-06-06
12.65,2015-06-07
12.62,2015-06-08
12.62,2015-06-09
12.62,2015-06-10
12.62,2015-06-11
12.67,2015-06-12
12.68,2015-06-13
12.68,2015-06-14
12.68,2015-06-15
12.7,2015-06-16
12.85,2015-06-17
12.95,2015-06-18
13.08,2015-06-19
13.02,2015-06-20
13.02,2015-06-21
13.02,2015-06-22
13.05,2015-06-23
13.35,2015-06-24
13.57,2015-06-25
13.52,2015-06-26
13.28,2015-06-27
13.28,2015-06-28
13.29,2015-06-29
13.4,2015-06-30
13.4,2015-07-01
13.55,2015-07-02
13.48,2015-07-03
13.48,2015-07-04
13.48,2015-07-05
13.45,2015-07-06
13.45,2015-07-07
13.6,2015-07-08
13.6,2015-07-09
13.62,2015-07-10
13.62,2015-07-11
13.62,2015-07-12
13.63,2015-07-13
13.85,2015-07-14
14,2015-07-15
13.94,2015-07-16
14.11,2015-07-17
14.22,2015-07-18
14.22,2015-07-19
14.22,2015-07-20
14.55,2015-07-21
15.09,2015-07-22
14.89,2015-07-23
14.64,2015-07-24
14.49,2015-07-25
14.49,2015-07-26
14.5,2015-07-27
14.65,2015-07-28
14.95,2015-07-29
14.94,2015-07-30
14.94,2015-07-31
14.94,2015-08-01
14.94,2015-08-02
14.94,2015-08-03
14.9,2015-08-04
14.94,2015-08-05
14.96,2015-08-06
14.98,2015-08-07
14.92,2015-08-08
14.92,2015-08-09
14.92,2015-08-10
14.82,2015-08-11
14.83,2015-08-12
14.89,2015-08-13
14.97,2015-08-14
15.1,2015-08-15
15.1,2015-08-16
15.1,2015-08-17
15.1,2015-08-18
15.1,2015-08-19
15.175,2015-08-20
15.45,2015-08-21
15.55,2015-08-22
15.55,2015-08-23
15.67,2015-08-24
15.84,2015-08-25
15.97,2015-08-26
15.92,2015-08-27
15.67,2015-08-28
15.53,2015-08-29
15.53,2015-08-30
15.53,2015-08-31
15.47,2015-09-01
15.51,2015-09-02
15.62,2015-09-03
15.6,2015-09-04
15.48,2015-09-05
15.48,2015-09-06
15.48,2015-09-07
15.45,2015-09-08
15.55,2015-09-09
15.55,2015-09-10
15.54,2015-09-11
15.52,2015-09-12
15.52,2015-09-13
15.57,2015-09-14
15.62,2015-09-15
15.68,2015-09-16
15.85,2015-09-17
15.91,2015-09-18
15.86,2015-09-19
15.86,2015-09-20
15.86,2015-09-21
15.9,2015-09-22
15.94,2015-09-23
15.95,2015-09-24
16.01,2015-09-25
16.06,2015-09-26
16.06,2015-09-27
16.02,2015-09-28
16.01,2015-09-29
16,2015-09-30
15.99,2015-10-01
15.89,2015-10-02
15.89,2015-10-03
15.89,2015-10-04
15.89,2015-10-05
15.8,2015-10-06
15.74,2015-10-07
15.75,2015-10-08
15.77,2015-10-09
15.83,2015-10-10
15.83,2015-10-11
15.83,2015-10-12
15.83,2015-10-13
15.83,2015-10-14
15.83,2015-10-15
15.84,2015-10-16
15.94,2015-10-17
15.94,2015-10-18
15.94,2015-10-19
16.11,2015-10-20
15.92,2015-10-21
15.92,2015-10-22
16.03,2015-10-23
16.06,2015-10-24
16.06,2015-10-25
16.06,2015-10-26
15.81,2015-10-27
15.85,2015-10-28
15.9,2015-10-29
15.77,2015-10-30
15.75,2015-10-31
15.75,2015-11-01
15.75,2015-11-02
15.63,2015-11-03
15.51,2015-11-04
15.46,2015-11-05
15.14,2015-11-06
15.14,2015-11-07
15.14,2015-11-08
15.14,2015-11-09
14.45,2015-11-10
14.7,2015-11-11
15.27,2015-11-12
15.27,2015-11-13
15.05,2015-11-14
15.05,2015-11-15
15.1,2015-11-16
15.1,2015-11-17
15.35,2015-11-18
15.2,2015-11-19
15.1,2015-11-20
15.07,2015-11-21
15.07,2015-11-22
15.1,2015-11-23
15.19,2015-11-24
15.12,2015-11-25
15.1,2015-11-26
14.96,2015-11-27
14.96,2015-11-28
14.96,2015-11-29
14.96,2015-11-30
14.74,2015-12-01
14.8,2015-12-02
14.8,2015-12-03
14.73,2015-12-04
14.81,2015-12-05
14.81,2015-12-06
14.81,2015-12-07
14.81,2015-12-08
14.73,2015-12-09
14.73,2015-12-10
14.77,2015-12-11
14.86,2015-12-12
14.86,2015-12-13
14.77,2015-12-14
14.69,2015-12-15
14.57,2015-12-16
14.52,2015-12-17
14.28,2015-12-18
14.2,2015-12-19
14.2,2015-12-20
14.115,2015-12-21
13.9,2015-12-22
13.92,2015-12-23
14.1,2015-12-24
14.1,2015-12-25
14.1,2015-12-26
14.1,2015-12-27
14.1,2015-12-28
14.365,2015-12-29
14.41,2015-12-30
14.32,2015-12-31
14.32,2016-01-01
14.32,2016-01-02
14.32,2016-01-03
14.26,2016-01-04
14.2,2016-01-05
14.4,2016-01-06
14.43,2016-01-07
14.44,2016-01-08
14.45,2016-01-09
14.45,2016-01-10
14.45,2016-01-11
14.44,2016-01-12
14.38,2016-01-13
14.4,2016-01-14
14.41,2016-01-15
14.38,2016-01-16
14.38,2016-01-17
14.38,2016-01-18
14.37,2016-01-19
14.37,2016-01-20
14.35,2016-01-21
14.36,2016-01-22
14.35,2016-01-23
14.35,2016-01-24
14.35,2016-01-25
14.36,2016-01-26
14.37,2016-01-27
14.37,2016-01-28
14.27,2016-01-29
14.27,2016-01-30
14.27,2016-01-31
14.29,2016-02-01
14.295,2016-02-02
14.295,2016-02-03
14.28,2016-02-04
14.325,2016-02-05
14.335,2016-02-06
14.335,2016-02-07
14.335,2016-02-08
14.335,2016-02-09
14.355,2016-02-10
14.43,2016-02-11
14.66,2016-02-12
14.95,2016-02-13
14.95,2016-02-14
14.95,2016-02-15
15,2016-02-16
15.08,2016-02-17
15.32,2016-02-18
15.35,2016-02-19
15.33,2016-02-20
15.33,2016-02-21
15.33,2016-02-22
15.43,2016-02-23
15.43,2016-02-24
15.595,2016-02-25
15.66,2016-02-26
15.65,2016-02-27
15.65,2016-02-28
15.65,2016-02-29
15.61,2016-03-01
15.9,2016-03-02
15.9,2016-03-03
15.71,2016-03-04
15.72,2016-03-05
15.72,2016-03-06
15.72,2016-03-07
15.73,2016-03-08
15.74,2016-03-09
15.72,2016-03-10
15.685,2016-03-11
15.6,2016-03-12
15.6,2016-03-13
15.6,2016-03-14
15.61,2016-03-15
15.35,2016-03-16
15.42,2016-03-17
15.58,2016-03-18
15.56,2016-03-19
15.56,2016-03-20
15.56,2016-03-21
15.37,2016-03-22
15.34,2016-03-23
15.32,2016-03-24
15.32,2016-03-25
15.32,2016-03-26
15.32,2016-03-27
15.34,2016-03-28
15.43,2016-03-29
15.33,2016-03-30
15.3,2016-03-31
15.26,2016-04-01
15.21,2016-04-02
15.21,2016-04-03
15.21,2016-04-04
15.185,2016-04-05
15.06,2016-04-06
14.97,2016-04-07
14.95,2016-04-08
14.91,2016-04-09
14.91,2016-04-10
14.91,2016-04-11
14.98,2016-04-12
15.01,2016-04-13
14.92,2016-04-14
14.98,2016-04-15
14.94,2016-04-16
14.94,2016-04-17
14.94,2016-04-18
14.81,2016-04-19
14.73,2016-04-20
14.68,2016-04-21
14.8,2016-04-22
14.84,2016-04-23
14.84,2016-04-24
14.85,2016-04-25
14.85,2016-04-26
14.78,2016-04-27
14.74,2016-04-28
14.69,2016-04-29
14.66,2016-04-30
14.66,2016-05-01
14.66,2016-05-02
14.66,2016-05-03
14.66,2016-05-04
14.67,2016-05-05
14.58,2016-05-06
14.54,2016-05-07
14.54,2016-05-08
14.54,2016-05-09
14.53,2016-05-10
14.53,2016-05-11
14.6,2016-05-12
14.695,2016-05-13
14.63,2016-05-14
14.63,2016-05-15
14.63,2016-05-16
14.68,2016-05-17
14.66,2016-05-18
14.71,2016-05-19
14.69,2016-05-20
14.67,2016-05-21
14.67,2016-05-22
14.67,2016-05-23
14.67,2016-05-24
14.66,2016-05-25
14.66,2016-05-26
14.67,2016-05-27
14.675,2016-05-28
14.675,2016-05-29
14.67,2016-05-30
14.56,2016-05-31
14.51,2016-06-01
14.43,2016-06-02
14.36,2016-06-03
14.28,2016-06-04
14.28,2016-06-05
14.28,2016-06-06
14.16,2016-06-07
14.19,2016-06-08
14.23,2016-06-09
14.31,2016-06-10
14.31,2016-06-11
14.31,2016-06-12
14.31,2016-06-13
14.41,2016-06-14
14.41,2016-06-15
14.46,2016-06-16
14.42,2016-06-17
14.42,2016-06-18
14.42,2016-06-19
14.42,2016-06-20
14.42,2016-06-21
14.51,2016-06-22
14.56,2016-06-23
14.91,2016-06-24
15.02,2016-06-25
15.02,2016-06-26
15.05,2016-06-27
15.32,2016-06-28
15.02,2016-06-29
14.98,2016-06-30
15.04,2016-07-01
15.04,2016-07-02
15.04,2016-07-03
15.05,2016-07-04
15,2016-07-05
15,2016-07-06
14.91,2016-07-07
14.9,2016-07-08
14.9,2016-07-09
14.9,2016-07-10
14.9,2016-07-11
15.03,2016-07-12
15.09,2016-07-13
15.06,2016-07-14
15.11,2016-07-15
15.26,2016-07-16
15.26,2016-07-17
15.28,2016-07-18
15.39,2016-07-19
15.23,2016-07-20
15.37,2016-07-21
15.33,2016-07-22
15.43,2016-07-23
15.43,2016-07-24
15.445,2016-07-25
15.55,2016-07-26
15.53,2016-07-27
15.55,2016-07-28
15.52,2016-07-29
15.47,2016-07-30
15.47,2016-07-31
15.47,2016-08-01
15.49,2016-08-02
15.34,2016-08-03
15.32,2016-08-04
15.33,2016-08-05
15.24,2016-08-06
15.24,2016-08-07
15.31,2016-08-08
15.33,2016-08-09
15.35,2016-08-10
15.3,2016-08-11
15.3,2016-08-12
15.34,2016-08-13
15.34,2016-08-14
15.34,2016-08-15
15.34,2016-08-16
15.41,2016-08-17
15.43,2016-08-18
15.42,2016-08-19
15.42,2016-08-20
15.42,2016-08-21
15.42,2016-08-22
15.47,2016-08-23
15.51,2016-08-24
15.51,2016-08-25
15.49,2016-08-26
15.49,2016-08-27
15.49,2016-08-28
15.49,2016-08-29
15.51,2016-08-30
15.485,2016-08-31
15.41,2016-09-01
15.3,2016-09-02
15.39,2016-09-03
15.39,2016-09-04
15.39,2016-09-05
15.38,2016-09-06
15.36,2016-09-07
15.3,2016-09-08
15.355,2016-09-09
15.355,2016-09-10
15.355,2016-09-11
15.38,2016-09-12
15.4,2016-09-13
15.37,2016-09-14
15.41,2016-09-15
15.42,2016-09-16
15.5,2016-09-17
15.5,2016-09-18
15.5,2016-09-19
15.64,2016-09-20
15.73,2016-09-21
15.68,2016-09-22
15.7,2016-09-23
15.72,2016-09-24
15.72,2016-09-25
15.75,2016-09-26
15.8,2016-09-27
15.77,2016-09-28
15.76,2016-09-29
15.74,2016-09-30
15.7,2016-10-01
15.71,2016-10-02
15.71,2016-10-03
15.65,2016-10-04
15.57,2016-10-05
15.6,2016-10-06
15.57,2016-10-07
15.55,2016-10-08
15.55,2016-10-09
15.55,2016-10-10
15.55,2016-10-11
15.585,2016-10-12
15.53,2016-10-13
15.55,2016-10-14
15.6,2016-10-15
15.6,2016-10-16
15.6,2016-10-17
15.67,2016-10-18
15.64,2016-10-19
15.61,2016-10-20
15.58,2016-10-21
15.56,2016-10-22
15.56,2016-10-23
15.56,2016-10-24
15.62,2016-10-25
15.61,2016-10-26
15.58,2016-10-27
15.5,2016-10-28
15.57,2016-10-29
15.57,2016-10-30
15.57,2016-10-31
15.56,2016-11-01
15.43,2016-11-02
15.4,2016-11-03
15.37,2016-11-04
15.42,2016-11-05
15.42,2016-11-06
15.42,2016-11-07
15.47,2016-11-08
15.42,2016-11-09
15.38,2016-11-10
15.35,2016-11-11
15.46,2016-11-12
15.46,2016-11-13
15.555,2016-11-14
15.83,2016-11-15
15.775,2016-11-16
15.74,2016-11-17
15.8,2016-11-18
15.85,2016-11-19
15.85,2016-11-20
15.82,2016-11-21
15.82,2016-11-22
15.82,2016-11-23
15.95,2016-11-24
16.03,2016-11-25
16.09,2016-11-26
16.09,2016-11-27
16.09,2016-11-28
16.09,2016-11-29
16.1,2016-11-30
16.15,2016-12-01
16.25,2016-12-02
16.35,2016-12-03
16.35,2016-12-04
16.35,2016-12-05
16.28,2016-12-06
16.18,2016-12-07
16.3,2016-12-08
16.3,2016-12-09
16.3,2016-12-10
16.3,2016-12-11
16.3,2016-12-12
16.34,2016-12-13
16.36,2016-12-14
16.43,2016-12-15
16.66,2016-12-16
16.69,2016-12-17
16.69,2016-12-18
16.69,2016-12-19
16.74,2016-12-20
16.58,2016-12-21
16.58,2016-12-22
16.64,2016-12-23
16.66,2016-12-24
16.66,2016-12-25
16.66,2016-12-26
16.815,2016-12-27
16.77,2016-12-28
16.8,2016-12-29
16.95,2016-12-30
16.87,2016-12-31
16.87,2017-01-01
16.87,2017-01-02
16.99,2017-01-03
17.11,2017-01-04
16.96,2017-01-05
16.87,2017-01-06
16.86,2017-01-07
16.86,2017-01-08
16.86,2017-01-09
16.88,2017-01-10
16.85,2017-01-11
16.81,2017-01-12
16.82,2017-01-13
16.79,2017-01-14
16.79,2017-01-15
16.79,2017-01-16
16.81,2017-01-17
16.85,2017-01-18
16.88,2017-01-19
16.885,2017-01-20
16.86,2017-01-21
16.86,2017-01-22
16.86,2017-01-23
16.88,2017-01-24
16.87,2017-01-25
16.85,2017-01-26
16.8,2017-01-27
16.8,2017-01-28
16.8,2017-01-29
16.8,2017-01-30
16.68,2017-01-31
16.64,2017-02-01
16.61,2017-02-02
16.48,2017-02-03
16.48,2017-02-04
16.48,2017-02-05
16.48,2017-02-06
16.48,2017-02-07
16.49,2017-02-08
16.48,2017-02-09
16.43,2017-02-10
16.43,2017-02-11
16.43,2017-02-12
16.43,2017-02-13
16.45,2017-02-14
16.41,2017-02-15
16.32,2017-02-16
16.32,2017-02-17
16.48,2017-02-18
16.48,2017-02-19
16.48,2017-02-20
16.49,2017-02-21
16.42,2017-02-22
16.35,2017-02-23
16.26,2017-02-24
16.28,2017-02-25
16.28,2017-02-26
16.28,2017-02-27
16.28,2017-02-28
16.28,2017-03-01
16.1,2017-03-02
16.02,2017-03-03
16.07,2017-03-04
16.07,2017-03-05
16.07,2017-03-06
16.1,2017-03-07
16.09,2017-03-08
16.02,2017-03-09
16.02,2017-03-10
16.04,2017-03-11
16.04,2017-03-12
16.04,2017-03-13
16.08,2017-03-14
16.07,2017-03-15
16.06,2017-03-16
16.04,2017-03-17
16.07,2017-03-18
16.07,2017-03-19
16.07,2017-03-20
16.2,2017-03-21
16.13,2017-03-22
16.08,2017-03-23
16.09,2017-03-24
16.09,2017-03-25
16.09,2017-03-26
16.09,2017-03-27
16.11,2017-03-28
16.025,2017-03-29
15.9,2017-03-30
15.89,2017-03-31
15.98,2017-04-01
15.98,2017-04-02
15.99,2017-04-03
15.99,2017-04-04
15.88,2017-04-05
15.87,2017-04-06
15.87,2017-04-07
15.69,2017-04-08
15.69,2017-04-09
15.69,2017-04-10
15.63,2017-04-11
15.69,2017-04-12
15.69,2017-04-13
15.69,2017-04-14
15.69,2017-04-15
15.69,2017-04-16
15.69,2017-04-17
15.91,2017-04-18
15.95,2017-04-19
16.1,2017-04-20
16.09,2017-04-21
16.09,2017-04-22
16.09,2017-04-23
16.09,2017-04-24
16.115,2017-04-25
16.1,2017-04-26
16.06,2017-04-27
15.95,2017-04-28
15.99,2017-04-29
15.99,2017-04-30
15.99,2017-05-01
15.99,2017-05-02
15.91,2017-05-03
15.89,2017-05-04
15.91,2017-05-05
15.91,2017-05-06
15.91,2017-05-07
15.91,2017-05-08
16.01,2017-05-09
15.95,2017-05-10
15.94,2017-05-11
15.92,2017-05-12
15.93,2017-05-13
15.93,2017-05-14
15.935,2017-05-15
15.97,2017-05-16
16.05,2017-05-17
16.06,2017-05-18
16.16,2017-05-19
16.11,2017-05-20
16.11,2017-05-21
16.11,2017-05-22
16.25,2017-05-23
16.28,2017-05-24
16.29,2017-05-25
16.29,2017-05-26
16.34,2017-05-27
16.34,2017-05-28
16.34,2017-05-29
16.41,2017-05-30
16.45,2017-05-31
16.39,2017-06-01
16.3,2017-06-02
16.32,2017-06-03
16.32,2017-06-04
16.32,2017-06-05
16.34,2017-06-06
16.38,2017-06-07
16.36,2017-06-08
16.34,2017-06-09
16.35,2017-06-10
16.35,2017-06-11
16.35,2017-06-12
16.41,2017-06-13
16.48,2017-06-14
16.51,2017-06-15
16.49,2017-06-16
16.53,2017-06-17
16.53,2017-06-18
16.53,2017-06-19
16.64,2017-06-20
16.7,2017-06-21
16.7,2017-06-22
16.53,2017-06-23
16.56,2017-06-24
16.56,2017-06-25
16.56,2017-06-26
16.67,2017-06-27
16.67,2017-06-28
16.67,2017-06-29
16.71,2017-06-30
16.84,2017-07-01
16.84,2017-07-02
16.84,2017-07-03
16.91,2017-07-04
17,2017-07-05
17.21,2017-07-06
17.25,2017-07-07
17.2,2017-07-08
17.2,2017-07-09
17.2,2017-07-10
17.3,2017-07-11
17.43,2017-07-12
17.5,2017-07-13
17.6,2017-07-14
17.57,2017-07-15
17.57,2017-07-16
17.57,2017-07-17
17.72,2017-07-18
17.84,2017-07-19
17.82,2017-07-20
17.84,2017-07-21
17.96,2017-07-22
17.96,2017-07-23
17.96,2017-07-24
18.05,2017-07-25
18.14,2017-07-26
18.27,2017-07-27
18.42,2017-07-28
18.43,2017-07-29
18.43,2017-07-30
18.43,2017-07-31
18.09,2017-08-01
18.1,2017-08-02
18.26,2017-08-03
18.18,2017-08-04
18.15,2017-08-05
18.15,2017-08-06
18.15,2017-08-07
18.23,2017-08-08
18.4,2017-08-09
18.41,2017-08-10
18.48,2017-08-11
18.48,2017-08-12
18.48,2017-08-13
18.19,2017-08-14
18.1,2017-08-15
18.15,2017-08-16
18.305,2017-08-17
18.35,2017-08-18
18.3,2017-08-19
18.3,2017-08-20
18.3,2017-08-21
18.3,2017-08-22
18.32,2017-08-23
18.3,2017-08-24
18.26,2017-08-25
18.28,2017-08-26
18.28,2017-08-27
18.28,2017-08-28
18.31,2017-08-29
18.29,2017-08-30
18.26,2017-08-31
18.23,2017-09-01
18.15,2017-09-02
18.15,2017-09-03
18.15,2017-09-04
18.1,2017-09-05
17.99,2017-09-06
17.95,2017-09-07
17.83,2017-09-08
17.88,2017-09-09
17.88,2017-09-10
17.88,2017-09-11
17.94,2017-09-12
17.88,2017-09-13
17.85,2017-09-14
17.86,2017-09-15
17.84,2017-09-16
17.84,2017-09-17
17.84,2017-09-18
17.92,2017-09-19
17.95,2017-09-20
17.97,2017-09-21
17.95,2017-09-22
17.95,2017-09-23
17.95,2017-09-24
17.95,2017-09-25
17.97,2017-09-26
18.05,2017-09-27
17.99,2017-09-28
17.97,2017-09-29
17.91,2017-09-30
17.91,2017-10-01
17.91,2017-10-02
17.96,2017-10-03
17.9,2017-10-04
17.82,2017-10-05
17.8,2017-10-06
17.78,2017-10-07
17.78,2017-10-08
17.78,2017-10-09
17.87,2017-10-10
17.86,2017-10-11
17.85,2017-10-12
17.89,2017-10-13
17.9,2017-10-14
17.9,2017-10-15
17.9,2017-10-16
17.9,2017-10-17
18.02,2017-10-18
18.05,2017-10-19
17.98,2017-10-20
18.01,2017-10-21
18.01,2017-10-22
18.01,2017-10-23
18.07,2017-10-24
18.13,2017-10-25
18.1,2017-10-26
18.08,2017-10-27
18.12,2017-10-28
18.12,2017-10-29
18.12,2017-10-30
18.15,2017-10-31
18.1,2017-11-01
18.03,2017-11-02
18.03,2017-11-03
18.01,2017-11-04
18.01,2017-11-05
18.01,2017-11-06
18.01,2017-11-07
18,2017-11-08
17.9,2017-11-09
17.95,2017-11-10
17.98,2017-11-11
17.98,2017-11-12
17.98,2017-11-13
18.07,2017-11-14
18.07,2017-11-15
17.88,2017-12-08
17.88,2017-12-09
17.88,2017-12-10
17.88,2017-12-11
17.93,2017-12-12
17.95,2017-12-13
17.95,2017-12-14
17.955,2017-12-15
18.09,2017-12-16
17.95,2017-12-17
18.02,2017-12-18
18.045,2017-12-19
18.005,2017-12-20
18,2017-12-21
18.09,2017-12-22
17.95,2017-12-23
18.21,2017-12-24
18.21,2017-12-25
18.16,2017-12-26
18.425,2017-12-27
18.5,2017-12-28
18.575,2017-12-29
18.615,2017-12-30
18.615,2017-12-31
18.615,2018-01-01
18.55,2018-01-02
18.58,2018-01-03
18.62,2018-01-04
18.68,2018-01-05
18.7,2018-01-06
18.7,2018-01-07
18.7,2018-01-08
18.73,2018-01-09
18.635,2018-01-10
18.635,2018-01-11
18.68,2018-01-12
18.745,2018-01-13
19.54,2018-01-14
18.745,2018-01-15
18.775,2018-01-16
18.775,2018-01-17
18.785,2018-01-18
18.795,2018-01-19
18.82,2018-01-20
18.82,2018-01-21
18.82,2018-01-22
18.84,2018-01-23
19.73,2018-01-24
20.03,2018-01-25
19.96,2018-01-26
19.98,2018-01-27
19.98,2018-01-28
19.98,2018-01-29
20.03,2018-01-30
20.04,2018-01-31
19.95,2018-02-01
19.93,2018-02-02
19.92,2018-02-03
19.92,2018-02-04
19.92,2018-02-05
19.92,2018-02-06
19.89,2018-02-07
19.85,2018-02-08
19.93,2018-02-09
20.23,2018-02-10
20.23,2018-02-11
20.23,2018-02-12
20.23,2018-02-13
20.23,2018-02-14
20.2,2018-02-15
20.12,2018-02-16
20.15,2018-02-17
20.15,2018-02-18
20.15,2018-02-19
20.23,2018-02-20
20.16,2018-02-21
20.3,2018-02-22
20.31,2018-02-23
20.35,2018-02-24
20.35,2018-02-25
20.35,2018-02-26
20.4,2018-02-27
20.4,2018-02-28
20.35,2018-03-01
20.4,2018-03-02
20.5,2018-03-03
20.5,2018-03-04
20.5,2018-03-05
20.55,2018-03-06
20.65,2018-03-07
20.68,2018-03-08
20.65,2018-03-09
20.61,2018-03-10
20.61,2018-03-11
20.61,2018-03-12
20.6,2018-03-13
20.67,2018-03-14
20.76,2018-03-15
20.82,2018-03-16
20.89,2018-03-17
20.89,2018-03-18
20.89,2018-03-19
20.92,2018-03-20
20.97,2018-03-21
20.98,2018-03-22
20.9,2018-03-23
20.94,2018-03-24
20.94,2018-03-25
20.94,2018-03-26
20.88,2018-03-27
20.76,2018-03-28
20.76,2018-03-29
20.76,2018-03-30
20.76,2018-03-31
20.76,2018-04-01
20.76,2018-04-02
20.76,2018-04-03
20.82,2018-04-04
20.6,2018-04-05
20.65,2018-04-06
20.64,2018-04-07
20.64,2018-04-08
20.64,2018-04-09
20.61,2018-04-10
20.63,2018-04-11
20.7,2018-04-12
20.7,2018-04-13
20.7,2018-04-14
20.7,2018-04-15
20.7,2018-04-16
20.7,2018-04-17
20.7,2018-04-18
20.63,2018-04-19
20.55,2018-04-20
20.58,2018-04-21
20.58,2018-04-22
20.58,2018-04-23
20.57,2018-04-24
20.59,2018-04-25
20.56,2018-04-26
20.85,2018-04-27
21,2018-04-28
21,2018-04-29
21,2018-04-30
21,2018-05-01
21,2018-05-02
21.5,2018-05-03
23.5,2018-05-04
22.2,2018-05-05
22.2,2018-05-06
22.2,2018-05-07
22.5,2018-05-08
23,2018-05-09
23.5,2018-05-10
23.55,2018-05-11
24.25,2018-05-12
24.25,2018-05-13
24.25,2018-05-14
26.8,2018-05-15
24.8,2018-05-16
25,2018-05-17
25.2,2018-05-18
25.4,2018-05-19
25.4,2018-05-20
25.4,2018-05-21
25.4,2018-05-22
25.4,2018-05-23
25.49,2018-05-24
25.75,2018-05-25
25.75,2018-05-26
25.75,2018-05-27
25.75,2018-05-28
25.85,2018-05-29
25.85,2018-05-30
25.9,2018-05-31
25.97,2018-06-01
26,2018-06-02
26,2018-06-03
26,2018-06-04
26,2018-06-05
25.9,2018-06-06
25.55,2018-06-07
25.65,2018-06-08
26.2,2018-06-09
26.2,2018-06-10
26.2,2018-06-11
26.3,2018-06-12
26.7,2018-06-13
27,2018-06-14
28.7,2018-06-15
28.7,2018-06-16
28.7,2018-06-17
28.55,2018-06-18
28.5,2018-06-19
28.5,2018-06-20
28.5,2018-06-21
28.5,2018-06-22
28.1,2018-06-23
28.1,2018-06-24
28.1,2018-06-25
28.3,2018-06-26
28.3,2018-06-27
28.3,2018-06-28
28.5,2018-06-29
29.4,2018-06-30
29.4,2018-07-01
29.4,2018-07-02
29.3,2018-07-03
29,2018-07-04
28.95,2018-07-05
28.9,2018-07-06
28.9,2018-07-07
28.9,2018-07-08
28.9,2018-07-09
28.9,2018-07-10
28.5,2018-07-11
28.5,2018-07-12
28.4,2018-07-13
28.68,2018-07-14
28.68,2018-07-15
28.68,2018-07-16
28.85,2018-07-17
28.8,2018-07-18
28.65,2018-07-19
28.65,2018-07-20
28.9,2018-07-21
28.9,2018-07-22
28.9,2018-07-23
28.8,2018-07-24
28.7,2018-07-25
28.7,2018-07-26
28.7,2018-07-27
28.7,2018-07-28
28.7,2018-07-29
28.65,2018-07-30
28.65,2018-07-31
28.45,2018-08-01
28.45,2018-08-02
28.375,2018-08-03
28.35,2018-08-04
28.35,2018-08-05
28.35,2018-08-06
28.3,2018-08-07
28.3,2018-08-08
28.3,2018-08-09
28.5,2018-08-10
29.5,2018-08-11
29.5,2018-08-12
29.5,2018-08-13
30.5,2018-08-14
30.5,2018-08-15
30.5,2018-08-16
30.1,2018-08-17
30.2,2018-08-18
30.2,2018-08-19
30.2,2018-08-20
30.2,2018-08-21
30.65,2018-08-22
30.8,2018-08-23
30.95,2018-08-24
31.35,2018-08-25
31.35,2018-08-26
31.35,2018-08-27
33,2018-08-28
33,2018-08-29
40,2018-08-30
40,2018-08-31
38,2018-09-01
38,2018-09-02
38,2018-09-03
38.7,2018-09-04
40,2018-09-05
